algo,variant,seed,delivery_ratio,avg_latency_s,overhead,energy,loss
tide,l_max=6,1,0.31788079470198677,154.89129171435764,50.916666666666664,1160.1441942736674,4222
tide,l_max=6,2,0.2545454545454545,143.37609702777567,65.58035714285714,1172.9811442736186,4581
tide,default,1,0.40638297872340423,154.9212332876125,68.49214659685863,1689.9069942735837,8077
tide,l_min=1,1,0.40638297872340423,154.9212332876125,68.49214659685863,1689.9069942735837,8077
tide,default,2,0.35268817204301073,150.50270299609025,81.98170731707317,1731.375494273615,8491
tide,l_max=20,1,0.4553191489361702,165.49473759467776,89.94392523364486,2256.5250942734433,12119
tide,l_max=20,2,0.4620123203285421,152.58098597936254,93.31555555555556,2403.884844273704,13164
tide,l_min=1,2,0.35268817204301073,150.50270299609025,81.98170731707317,1731.375494273615,8491
tide,l_min=4,1,0.40638297872340423,154.9212332876125,68.49214659685863,1689.9069942735837,8077
tide,rho_target=8,2,0.39787234042553193,139.93789723030505,70.60427807486631,1712.840594273689,8313
tide,l_min=4,2,0.35268817204301073,150.50270299609025,81.98170731707317,1731.375494273615,8491
tide,rho_target=8,1,0.39375,151.03693658908625,71.5079365079365,1722.118844273567,8090
tide,rho_target=30,2,0.368763557483731,154.03149619848068,78.52352941176471,1722.2984942735907,8275
tide,rho_target=30,1,0.39658848614072495,156.88932790492444,73.25806451612904,1718.3962442736151,8273
tide,rho_ref=5,1,0.3741935483870968,169.8440059753407,62.666666666666664,1501.2153442736153,6693
tide,rho_ref=5,2,0.34710743801652894,135.30054413335984,68.75595238095238,1570.2352942735847,7397
tide,rho_ref=20,1,0.40471092077087795,168.82058650661614,75.58730158730158,1771.242844273591,8532
tide,w=0.2,1,0.36637931034482757,172.02111987655698,77.43529411764706,1697.5538942736925,8090
tide,rho_ref=20,2,0.38253638253638256,146.13043285374835,80.57608695652173,1852.8350942736038,9176
tide,w=0.2,2,0.37945492662473795,141.9737712140927,75.89502762430939,1765.9256442736742,8585
tide,w=0.8,1,0.37662337662337664,152.94117588383435,76.1896551724138,1706.8187442736448,8190
tide,w=0.8,2,0.36989247311827955,167.06674503262775,79.41279069767442,1751.5236942736324,8385
tide,tau=600,1,0.3974358974358974,181.63637962225164,73.98387096774194,1738.0151942734592,8355
tide,tau=2400,2,0.3995859213250518,145.60137854701713,69.62176165803109,1728.2803442736617,8110
tide,tau=2400,1,0.38064516129032255,156.85480416683913,73.27118644067797,1683.6026442736752,7761
tide,tau=600,2,0.3674321503131524,148.17794368609427,80.6590909090909,1802.5284942736616,8969
tide,delta=0,1,0.39166666666666666,168.0075005286746,78.58510638297872,1859.4105942735619,8959
tide,delta=0,2,0.3924843423799583,138.59460242081704,80.32978723404256,1886.4314442735863,9357
tide,delta=0.15,1,0.3752665245202559,166.14638808045316,73.2159090909091,1655.4891942735894,7704
tide,delta=0.15,2,0.37606837606837606,167.33427533071824,70.8125,1663.7455442736718,7670
tide,syncs=2,1,0.36673773987206826,195.09306272323965,73.38953488372093,1652.0160442735933,7580
tide,syncs=2,2,0.3261802575107296,157.59975850173188,82.25657894736842,1661.5059442736356,7480
tide,syncs=10,1,0.38427947598253276,168.4347389858662,74.36931818181819,1686.0533942736538,8063
tide,syncs=None,1,0.3930131004366812,170.2256045730344,73.07777777777778,1688.4008442736617,8086
tide,syncs=10,2,0.3577586206896552,155.68682994164539,80.13253012048193,1737.0413942736295,8415
tide,syncs=None,2,0.36989247311827955,161.65295451342632,77.73255813953489,1731.9173942736425,8290
tide,reinj_fast,1,0.4364406779661017,169.445796620414,76.81067961165049,1938.1715942736669,9626
tide,no_reinjection,1,0.32456140350877194,127.98990544735254,58.88513513513514,1297.2363942735828,5299
tide,no_reinjection,2,0.32978723404255317,123.58432265288815,58.26451612903226,1332.9819442736816,5544
tide,reinj_fast,2,0.4008438818565401,137.3540227227672,83.38421052631578,1964.5661942736747,9917
tide,no_election,1,0.39658848614072495,156.88932790492444,73.25806451612904,1718.3962442736151,8273
tide,no_election,2,0.368763557483731,154.03149619848068,78.52352941176471,1722.2984942735907,8275
tide,fallback=10,1,0.40638297872340423,154.9212332876125,68.49214659685863,1689.9069942735837,8077
tide,no_islands,2,0.3032967032967033,175.2468576088644,99.71014492753623,1759.9906942735156,8706
tide,no_islands,1,0.3287981859410431,217.9718407995,93.70344827586207,1726.51109427361,8540
tide,fallback=10,2,0.35268817204301073,150.50270299609025,81.98170731707317,1731.375494273615,8491
tide,transitivity,1,0.4279661016949153,149.8440401400807,87.11386138613861,2058.45389427352,10718
tide,transitivity,2,0.40993788819875776,146.14810445395864,93.55555555555556,2197.4768442737677,11907
tide_g,default,1,0.42735042735042733,150.5477789013731,87.63,4528.673160944976,10817
tide_g,default,2,0.40289256198347106,149.22284953611629,99.88205128205128,4714.330777611323,12376
tide_g,gps_for_relays=False,2,0.3953488372093023,152.14148048407867,84.63101604278074,2360.8165942745372,9882
tide_g,gps_for_relays=False,1,0.4172043010752688,153.93798458085814,81.54123711340206,2507.781244274765,9596
tide_g,gps_period=60,2,0.41164241164241167,140.49974973578801,93.6919191919192,4619.00839427163,11687
tide_g,gps_period=60,1,0.4166666666666667,159.1336692740144,98.515,4687.854977604666,12005
tide_g,gps_period=10,1,0.41350210970464135,152.93353092141172,95.61224489795919,4561.405922056045,11459
tide_g,gps_period=10,2,0.38197424892703863,144.22611214134906,104.33707865168539,4709.707949833835,11933
tide_g,zone_tokens=1,1,0.4021276595744681,154.44829937319722,91.87301587301587,4505.920610944771,10611
tide_g,zone_tokens=1,2,0.37367303609341823,150.43856955393824,94.19318181818181,4505.514277611407,10371
tide_g,zone_tokens=6,1,0.41163793103448276,170.4606698682387,99.0,4664.486160945048,11730
tide_g,zone_tokens=6,2,0.4154488517745303,143.0877495033328,99.23618090452261,4791.83406094489,12187
tide_g,geo_lambda=50,1,0.4240506329113924,162.7315073996241,93.32835820895522,4652.973060944774,11627
tide_g,geo_lambda=50,2,0.39375,137.92778337746418,97.71957671957672,4650.423660945336,11784
tide_g,geo_lambda=200,1,0.42094017094017094,155.3474212633299,85.37055837563452,4466.370510945011,10455
tide_g,geo_lambda=200,2,0.4118895966029724,148.40621696469574,86.38144329896907,4434.707744278364,10310
tide_g,min_progress=5,1,0.3864628820960699,163.02947581747907,118.17514124293785,4821.154677611305,12293
tide_g,min_progress=5,2,0.38702928870292885,133.8863843559176,107.94594594594595,4754.3026776117495,12196
tide_g,min_progress=40,1,0.4012875536480687,158.54012199271637,77.27807486631016,4304.468944278203,8978
tide_g,min_progress=40,2,0.39337474120082816,133.81937383304452,78.62105263157895,4327.275944278259,9103
tide_g,hint_max_age=1800,1,0.42735042735042733,150.5477789013731,87.63,4528.673160944976,10817
tide_g,hint_max_age=1800,2,0.40289256198347106,149.22284953611629,99.88205128205128,4714.330777611323,12376
tide_g,no_geo_focus,1,0.39606126914660833,169.2623684096995,79.53591160220995,4246.191260944706,8705
tide_g,no_geo_focus,2,0.38064516129032255,156.17759067543128,80.24858757062147,4264.037427611743,8695
tide_g,no_zone_search,1,0.4025157232704403,154.74639306230168,96.13541666666667,4611.719177611475,11374
tide_g,no_zone_search,2,0.3987473903966597,130.4825014685136,88.1151832460733,4544.071210944661,10631
