algo,variant,seed,delivery_ratio,avg_latency_s,overhead,energy,loss,wall_s
tide,ref,3,0.38802660753880264,134.9691618596215,69.46285714285715,1634.6867442736493,7348,6296.354396104813
tide,ref,4,0.34831460674157305,158.120019719858,79.28387096774193,1631.5690942734823,7335,6297.325326919556
tide,ref,1,0.40638297872340423,154.9212332876125,68.49214659685863,1689.9069942735837,8077,6302.665904998779
tide,base,3,0.44396551724137934,139.65924855210181,73.67961165048544,1905.6870942736555,9513,6303.433897256851
tide,ref,2,0.35268817204301073,150.50270299609025,81.98170731707317,1731.375494273615,8491,6303.924684047699
tide,base,1,0.4129979035639413,166.52908419700347,83.93908629441624,2025.2046442736532,10507,6322.064572811127
tide,base,2,0.40292275574112735,156.63969582746336,87.93782383419689,2072.3798942737594,10977,6324.076199769974
tide,base,4,0.39914163090128757,156.2472521039655,85.08602150537635,1968.6632442733448,9817,4616.388826847076
tide,single,4,0.40350877192982454,157.5797786250237,82.63586956521739,1897.0760442733945,9449,4615.315358161926
tide,single,3,0.43683083511777304,129.7053188868765,76.41176470588235,1947.939144273651,9778,4618.790185928345
tide,single,1,0.4091858037578288,168.53702758374607,82.3061224489796,1995.0640442735976,10141,4628.049053907394
tide,single,2,0.4317718940936864,157.42740350220188,81.24056603773585,2109.9505942737633,11370,4626.998047113419
