algorithm,beacons,delivery_ratio,avg_latency_s,p95_latency_s,avg_hops,overhead,total_energy_consumed_mah,buffer_eviction_count,packet_loss_count,backhaul_transmissions
epidemic,0,0.2918867018722996,524.4013075807177,1510.611769020297,6.949013157894737,10126.490131578947,9932215.22684999,5599864,208524981,0
epidemic,10,0.34755210857973823,480.66154157193944,1472.1654535782905,7.115760111576011,9376.21059972106,9932208.27425,9576227,206826157,3414970
spray_wait,0,0.3008723008723009,813.5799824097406,1675.9617599979592,2.5004752851711025,24.234790874524716,4401654.1915998915,0,94734751,0
spray_wait,10,0.3026447462473195,807.3284488222923,1690.4597114380845,2.50968351440718,24.40623523854511,4440409.296599897,0,96942771,990
prophet,0,0.3559822747415066,1046.7419859399613,1721.822669089273,4.234439834024896,229.2831950207469,9311016.387100048,0,201188568,0
prophet,10,0.35199556541019955,1042.9694801764028,1727.6057088705497,4.251443569553806,236.21574803149608,9314708.230000054,1361327,201999709,1360305
beacon_priority,0,0.2918867018722996,524.4013075807177,1510.611769020297,6.949013157894737,10126.490131578947,9932215.22684999,5599864,208524981,0
beacon_priority,10,0.3130684538056486,526.6971142017652,1500.487971185723,6.804281345565749,9690.892966360856,9932269.836399995,8933244,209650879,3151731
dasfv,0,0.37660630841121495,799.8892142242527,1678.5586554713805,6.992245056223342,172.0457541682823,9220920.257299948,0,198248272,0
dasfv,10,0.4027328827505143,788.1643674997424,1683.184036044459,6.992338562568405,171.43779642466254,9368806.529999964,1229902,203764662,1677587
gossip_a,0,0.42945874001774625,621.2865109952115,1411.186882286948,4.684917355371901,2531.5785123966944,9934841.09645,1018853,220198209,0
gossip_a,10,0.4944469124833407,555.9917064241204,1270.4324638839903,4.778077268643306,2609.9973045822103,9940834.76159999,3699825,215752682,2385404
bubble_f,0,0.18958363142080412,894.9066103319292,1699.2702875122998,4.979622641509434,38.78188679245283,1694930.1578999322,0,36422976,0
bubble_f,10,0.19816197587593337,881.1487132340983,1700.9774065717072,5.030434782608696,41.552173913043475,1783682.9760999465,0,38891920,298837
