variant,seed,beacons,delivery_ratio,avg_latency_s,p95_latency_s,avg_hops,overhead,total_energy_consumed_mah,buffer_eviction_count,packet_loss_count,backhaul_transmissions,wall_s
fanout=2,2,6,0.8118240807498197,406.262939224424,1258.1171885745982,4.188277087033748,36.57992895204263,4905.252321880683,0,25844,1271,197.12475519999862
fanout=2,1,6,0.8306451612903226,404.8155071240833,1222.632808025487,4.102383053839365,35.00529567519859,4807.742321880276,0,24698,1233,199.20189139992
fanout=2,3,6,0.8304959289415248,400.0897173001179,1314.814309369161,4.117647058823529,34.8903743315508,4795.56032187979,0,24242,1178,200.08960680000018
defaults,1,6,0.9061604584527221,263.426739532047,834.5258203068204,4.3699604743083,83.25217391304348,11247.505821879917,0,72619,3217,228.18720949999988
"band_low=0,band_high=1",2,6,0.9081967213114754,254.0673093367878,779.3722819644044,4.4036101083032495,83.65848375451263,12887.677171881634,0,90216,3369,229.3723571000155
"band_low=0,band_high=1",3,6,0.9148486980999296,265.63431080613077,825.3945680548827,4.392307692307693,84.22769230769231,12439.770821878592,0,86681,3271,233.08833619998768
"band_low=0,band_high=1",1,6,0.9151599443671766,256.901259384843,806.24432267048,4.344224924012158,84.98936170212765,12406.082821880107,0,87733,3292,235.02781370002776
defaults,2,6,0.9038461538461539,278.068860831056,874.3507426309789,4.3426265590608955,81.52824651504035,11864.932021880455,0,75614,3220,235.24905560002662
defaults,3,6,0.9140730717185386,279.00185256051316,831.5655010940231,4.367875647668394,82.31088082901555,12281.282071879967,0,75938,3120,237.62551599997096
max_hops=3,1,6,0.8482207697893972,369.83522735613616,1158.1685366353172,3.4631849315068495,41.738013698630134,5771.570471880157,0,32737,1578,227.44246499997098
max_hops=3,2,6,0.8458274398868458,372.02237241371466,1134.3401160150531,3.488294314381271,42.452341137123746,5956.207521880533,0,34139,1585,228.1222712000599
max_hops=3,3,6,0.8669039145907473,379.93542600711,1172.5831773681339,3.5164203612479477,41.77504105090312,6119.40752187973,0,34579,1566,232.29250649991445
fanout=4,1,6,0.9303251493032515,231.2327566068601,747.8765960154208,4.442938659058488,110.05991440798859,16238.565621880516,0,109897,4568,268.3688452000497
fanout=4,3,6,0.9328408327736736,232.13610900237973,698.6580671430884,4.41036717062635,107.60619150467963,16384.783621878865,0,107373,4181,266.31429130001925
fanout=4,2,6,0.9147286821705426,245.27865874326417,726.5121813010492,4.465395480225989,111.44703389830508,16603.91902188158,0,113069,4531,269.21367520000786
purge_delivered=0,2,6,0.8486750348675035,291.4747691934916,891.1587766699759,4.331963845521775,134.1101068200493,17322.979521880687,298741,116850,200756,484.5218592999736
purge_delivered=0,1,6,0.8401697312588402,249.9175143632928,816.5801622016002,4.329124579124579,143.07154882154882,17725.044971878415,458194,122023,352603,486.23301219998393
purge_delivered=0,3,6,0.8530909090909091,267.37930947898565,835.4231066774817,4.348678601875533,143.65643648763853,17588.378371878014,652030,120431,547095,486.5576809999766
max_hops=5,2,6,0.927063339731286,224.44255155602056,703.7835286207438,5.1766735679779154,113.5624568668047,16884.145471880016,0,111688,4748,253.38987119996455
max_hops=5,3,6,0.9322475570032573,219.18121666355256,682.7306739825431,5.170510132774283,114.21733053808525,17427.49562187788,0,110575,4310,253.6656181999715
max_hops=5,1,6,0.9231287929871881,222.5775897198421,713.3741764202576,5.184806428049671,116.51497443389336,16517.881621879824,0,107882,4497,256.42695500003174
