algorithm,beacons,delivery_ratio,avg_latency_s,p95_latency_s,avg_hops,overhead,total_energy_consumed_mah,buffer_eviction_count,packet_loss_count,backhaul_transmissions
epidemic,0,0.7141693811074918,171.97524491576743,624.0307574105855,7.438996579247434,1404.4618015963513,117096.60342186468,1174381,672892,0
epidemic,6,0.7941397445529677,113.85250245669603,429.6590118971685,7.501419110690634,1537.9470198675497,147104.75777185583,3062439,886846,1492405
spray_wait,0,0.49441340782122906,626.416878647817,1648.849914659313,2.5480225988700567,15.131826741996234,1759.3398718802873,0,4282,0
spray_wait,6,0.4938505203405866,650.1905035828242,1667.6403049771827,2.4885057471264367,15.670498084291188,1743.1553218802624,0,4207,295
prophet,0,0.6194295900178253,629.6878516609681,1580.8967483032447,4.414388489208633,80.14532374100719,6298.504771880364,1567,32050,0
prophet,6,0.6231244483671668,632.4210425468931,1566.4690183959717,4.519830028328612,94.15580736543909,6996.501921880867,268024,38450,261696
beacon_priority,0,0.7141693811074918,171.97524491576743,624.0307574105855,7.438996579247434,1404.4618015963513,117096.60342186468,1174381,672892,0
beacon_priority,6,0.7161186848436247,178.63873768628494,749.7996411517051,7.155655095184771,1670.963045912654,134675.4008218619,2929118,836056,1497312
dasfv,0,0.5567470956210903,440.7360817819378,1565.8967483032447,6.369181380417335,61.07383627608347,4702.436721880279,0,23138,0
dasfv,6,0.6107732406602954,421.6962565005399,1522.8866306274017,6.483641536273115,58.89331436699858,4794.088371880302,0,24660,116956
gossip_a,0,0.8918539325842697,330.91542996706664,796.0973360744877,5.402362204724409,235.12834645669292,30035.763671878038,41850,184876,0
gossip_a,6,0.9243055555555556,255.8123536037223,643.9795486746966,5.663410969196093,333.084147257701,41070.220671874944,1262792,260060,1094250
bubble_f,0,0.27253218884120173,589.5775686180758,1679.1424513352176,3.531496062992126,9.34251968503937,1224.041321880356,0,1195,0
bubble_f,6,0.26695842450765866,604.9981399500078,1666.5102929839054,3.569672131147541,14.422131147540984,1296.1209218803128,0,1847,4801
managed_flood,0,0.2880085653104925,16.45302806745849,71.222510103491,5.263940520446097,458.69888475836433,13500.093421882026,0,53496,0
managed_flood,6,0.3622448979591837,21.161286504711676,73.49209190001466,5.68169014084507,478.16338028169014,17124.88397188178,0,75381,4430
tide,0,0.660655737704918,417.0316595332609,1489.2659510216185,5.5173697270471465,63.440446650124066,5888.5143718803365,0,29296,0
tide,6,0.7088186356073212,435.4733383216676,1466.091356166064,5.617370892018779,62.987089201877936,5886.2496718799575,12389,31104,204674
tide_g,0,0.6737649063032368,408.84070619408817,1516.4042764467913,5.676359039190897,68.24525916561315,11122.601255222358,0,30846,0
tide_g,6,0.7372488408037094,380.0200222116044,1350.5912238943617,5.810272536687631,69.35953878406708,12051.826505221905,58518,37277,306411
tide_g2,0,0.6854771784232365,415.7731222621876,1495.5867131383145,5.653753026634383,66.87772397094432,11267.72602188859,0,31640,0
tide_g2,6,0.7299444003177125,399.414346103485,1464.9147868963555,5.764961915125136,65.87268770402612,11462.928294111352,23889,33978,260971
fresh_spray,0,0.8563176895306859,365.536700657435,1115.1997233175357,6.792580101180438,63.85581787521079,8299.840671880345,0,43773,0
fresh_spray,6,0.9046199701937406,248.05772090939627,797.2645442251903,6.85172981878089,61.52141680395387,7335.715821879849,0,42242,4688
geo_spray_focus,0,0.8696925329428989,372.67194168565976,879.7211170698713,7.241582491582491,188.22643097643098,27283.48834411081,0,129893,0
geo_spray_focus,6,0.9019746121297603,306.38972315217376,822.4218175383808,7.099296325254104,172.00156372165753,25889.238888555006,0,124381,8148
band_fanout,0,0.779607843137255,410.76010597422095,1225.6434145718638,4.209255533199195,128.59456740442656,13105.645621879245,48282,70708,0
band_fanout,6,0.7775193798449612,385.525687649417,1152.840029736744,4.298105682951147,140.27318045862413,13743.858221878843,390571,77790,332486
