initial_tokens,seed,beacons,delivery_ratio,avg_latency_s,p95_latency_s,avg_hops,overhead,total_energy_consumed_mah,buffer_eviction_count,packet_loss_count,backhaul_transmissions,wall_s
4,3,6,0.8166980067694622,493.6597100630946,1419.2336526053568,8.510990360410142,499.224043715847,1456990.8434119034,9599105,7112186,4850269,14582.140478799993
4,1,6,0.8089971417919721,489.4796189596005,1413.9486485268071,8.495207373271889,518.4723195084485,1509367.3984118944,10239807,7392175,4892352,14654.469605297956
8,2,6,0.8224871214195058,467.230047030999,1379.854230808045,8.503479576399394,528.593676248109,1568068.5374619015,10444220,7643520,4957819,14756.002871913952
4,2,6,0.814596600310886,486.8945872742127,1399.3398211462281,8.50066172170755,510.40879012649657,1488197.8098119125,9996026,7260819,4879295,14759.084711264004
8,3,6,0.8226291336430719,467.97718004681764,1386.2819558556585,8.505738447598914,517.6854424645122,1529674.031311877,10148055,7499549,4955928,15261.65053353802
8,1,6,0.8184596426370918,471.99236409892865,1398.1273374655023,8.496070342377067,536.8491673943811,1600455.5227119075,10807665,7805219,4949769,15342.178512959043
16,2,6,0.8250369887403767,446.58341817802165,1346.2421974390836,8.5061094224924,571.2713981762918,1683399.1266118742,11063985,8219339,5021308,15470.397955796972
16,3,6,0.8222333250062454,451.24529852678216,1355.7370840288895,8.505347268639484,563.7818557452756,1659734.303611921,10889154,8119043,5019736,15648.493007479992
16,1,6,0.8190122539918306,447.23397125682783,1352.96358594318,8.497037843066135,581.5954237697981,1723370.9927118944,11525089,8413311,5006272,15777.711369875993
32,3,6,0.8158866232253909,429.7713114531098,1336.39881481247,8.492256301245066,633.9767992711813,1870346.7035618841,12081526,9123649,5113875,16211.075034952955
32,2,6,0.8218816856560028,428.2638356073482,1330.8195073538602,8.498274713965737,637.8503844058357,1891446.652011872,12204138,9208961,5109683,16431.72459103499
32,1,6,0.8151788151788152,430.9696246520276,1337.5182977248223,8.492114717164952,652.549686415393,1918930.7263618892,12612247,9366436,5100723,16799.11016683298
